{
    "0789e3f9-507b-44c0-8d97-8358e1b8f5c5": {
        "titulo": "sonic",
        "genero": "aventura",
        "calificacion": "5",
        "id": "0789e3f9-507b-44c0-8d97-8358e1b8f5c5"
    },
    "b6181c9e-3386-49d8-bbee-8950aaca0f9b": {
        "titulo": "sonic",
        "genero": "aventura",
        "calificacion": "5",
        "id": "b6181c9e-3386-49d8-bbee-8950aaca0f9b"
    },
    "9689a791-94db-4fe4-bcbd-0f676f6f8139": {
        "titulo": "sonic",
        "genero": "aventura",
        "calificacion": "5",
        "id": "9689a791-94db-4fe4-bcbd-0f676f6f8139"
    },
    "9ee3b88b-3809-415b-b9cb-828fea5b2a62": {
        "titulo": "sonic",
        "genero": "aventura",
        "calificacion": "5",
        "id": "9ee3b88b-3809-415b-b9cb-828fea5b2a62"
    }
}